{"cameraMode":{"drawMode":0,"name":"Shaded","section":"Shading Mode"},"sceneLighting":true,"audioPlay":false,"sceneViewState":{"showFog":false,"showMaterialUpdate":false,"showSkybox":false,"showFlares":false,"showImageEffects":false,"showParticleSystems":false},"in2DMode":false,"pivot":{"x":44.33677673339844,"y":50.92890167236328,"z":42.3731803894043},"rotation":{"x":0.008106376975774765,"y":-0.7391926646232605,"z":0.6734675765037537,"w":0.008834063075482846},"size":84.19615173339844,"orthographic":false}