{"cameraMode":{"drawMode":0,"name":"Shaded","section":"Shading Mode"},"sceneLighting":false,"audioPlay":false,"sceneViewState":{"showFog":false,"showMaterialUpdate":false,"showSkybox":false,"showFlares":false,"showImageEffects":false,"showParticleSystems":false},"in2DMode":false,"pivot":{"x":9.649491310119629,"y":0.6479374766349793,"z":-0.7501908540725708},"rotation":{"x":0.04908902570605278,"y":0.6702238321304321,"z":-0.04450614005327225,"w":0.7392041683197022},"size":20.424633026123048,"orthographic":false}